{"x": [1752.8824790502415, 657.9252148717526, 60.0, 291.17623659335504, 429.1803319302355, 1755.43725595682, 810.5069690081109, 143.58411825383536, 1860.0, 945.0384766874168, 809.7080670843328, 786.6650073783529, 1537.5378287449182, 1580.144287210866, 480.98817814885103, 1388.1665825550667, 1200.8735640660962, 442.50031451612585, 971.0112814691438], "y": [686.0465527209061, 341.5034831908814, 293.8634655169143, 90.0, 187.2664949037977, 412.07022757032877, 191.10078514582992, 861.177492420457, 812.5903630952937, 890.0, 624.1106885579694, 742.2187130748717, 791.6870322647019, 308.3782844004643, 590.1517637113475, 541.8368294913975, 465.3531577534753, 710.6636812776337, 322.180289600929], "names": ["Hydrogen piping", "Los Angeles", "Continent", "The Americas", "North America", "New South Wales AD60 class locomotive", "United States", "Piston", "Hydrogen compressor", "Antarctica", "Zinc\n", "Periodic table", "Gas compressor", "Reversing gear", "Stainless steel", "New South Wales Government Railways", "Rail transport in New South Wales", "Titanium", "States of Australia"]}