{"x": [1175.1489133331304, 1860.0, 1048.3477609741121, 537.6277741514964, 1004.880209541497, 60.0, 1194.6378126500201, 1066.4581728179023, 1171.903990094923, 1675.7148333220682, 370.4813694932319, 1145.8631389810807, 1375.4707803367503, 1613.1741287174077], "y": [619.9586983578522, 771.1421590218339, 890.0, 574.4691091559322, 275.66876383335216, 678.52475191068, 348.43507635589464, 679.0531697247739, 442.2135238715477, 781.7786158279006, 536.9101774547594, 90.0, 426.5059474899089, 272.79375274677614], "names": ["United States", "Invasion of Iraq", "Canada-United States border", "United States in World War I", "Abdullah Azzam", "Monarchy of Canada", "Al-Qaeda", "United States of America", "Osama bin Laden", "Iraq War", "United Kingdom of Great Britain and Ireland", "Federal government of the United States", "Osama bin Laden\n", "Canada"], "paths": [[[60.0, 678.52475191068], [1613.1741287174077, 272.79375274677614], [1860.0, 771.1421590218339], [1375.4707803367503, 426.5059474899089]], [[60.0, 678.52475191068], [1613.1741287174077, 272.79375274677614], [370.4813694932319, 536.9101774547594], [537.6277741514964, 574.4691091559322], [1145.8631389810807, 90.0], [1175.1489133331304, 619.9586983578522], [1194.6378126500201, 348.43507635589464], [1004.880209541497, 275.66876383335216], [1194.6378126500201, 348.43507635589464], [1375.4707803367503, 426.5059474899089]], [[60.0, 678.52475191068], [1613.1741287174077, 272.79375274677614], [1048.3477609741121, 890.0], [1066.4581728179023, 679.0531697247739], [1675.7148333220682, 781.7786158279006], [1171.903990094923, 442.2135238715477]]]}